timestamp,error_type,gate_id,fix_strategy,outcome,file,duration_s
2026-02-27T03:13:14.844178+00:00,ImportError,,pip_install,success,test.py,0.000
2026-02-27T03:13:47.068009+00:00,ImportError,,pip_install,success,test.py,0.000
2026-02-27T03:14:30.030749+00:00,ImportError,,pip_install,success,test.py,0.000
2026-02-27T03:16:37.121464+00:00,ImportError,,pip_install,success,test.py,0.000
2026-02-27T03:18:00.083174+00:00,ImportError,,pip_install,success,test.py,0.000
2026-02-27T03:20:31.776559+00:00,ImportError,,pip_install,success,test.py,0.000
2026-02-27T03:22:30.749441+00:00,ImportError,,pip_install,success,test.py,0.000
2026-02-27T03:23:37.093705+00:00,ImportError,,pip_install,success,test.py,0.000
2026-02-27T03:27:09.238272+00:00,ImportError,,pip_install,success,test.py,0.000
2026-02-27T03:31:01.020682+00:00,ImportError,,pip_install,success,test.py,0.000
2026-02-27T03:32:01.267280+00:00,ImportError,,pip_install,success,test.py,0.000
2026-02-27T03:33:56.548849+00:00,ImportError,,pip_install,success,test.py,0.000
2026-02-27T03:36:01.735668+00:00,ImportError,,pip_install,success,test.py,0.000
2026-02-27T03:37:29.687009+00:00,ImportError,,pip_install,success,test.py,0.000
2026-02-27T03:38:14.015600+00:00,ImportError,,pip_install,success,test.py,0.000
2026-02-27T03:42:15.793975+00:00,ImportError,,pip_install,success,test.py,0.000
2026-02-27T03:46:38.792706+00:00,ImportError,,pip_install,success,test.py,0.000
2026-02-27T03:49:24.020810+00:00,ImportError,,pip_install,success,test.py,0.000
2026-02-27T03:50:55.405890+00:00,ImportError,,pip_install,success,test.py,0.000
2026-02-27T03:54:34.373133+00:00,ImportError,,pip_install,success,test.py,0.000
2026-02-27T03:57:35.908523+00:00,ImportError,,pip_install,success,test.py,0.000
2026-02-27T03:58:27.502606+00:00,ImportError,,pip_install,success,test.py,0.000
2026-02-27T04:02:57.464150+00:00,ImportError,,pip_install,success,test.py,0.000
2026-02-27T04:04:23.758722+00:00,ImportError,,pip_install,success,test.py,0.000
2026-02-27T04:11:37.597977+00:00,ImportError,,pip_install,success,test.py,0.000
2026-02-27T04:17:29.017424+00:00,ImportError,,pip_install,success,test.py,0.000
2026-02-27T04:18:13.280948+00:00,ImportError,,pip_install,success,test.py,0.000
2026-02-27T04:22:36.036469+00:00,ImportError,,pip_install,success,test.py,0.000
2026-02-27T04:23:33.825531+00:00,ImportError,,pip_install,success,test.py,0.000
2026-02-27T04:27:29.466785+00:00,ImportError,,pip_install,success,test.py,0.000
2026-02-27T04:28:29.405070+00:00,ImportError,,pip_install,success,test.py,0.000
2026-02-27T04:31:50.837971+00:00,ImportError,,pip_install,success,test.py,0.000
2026-02-27T04:33:52.808560+00:00,ImportError,,pip_install,success,test.py,0.000
2026-02-27T04:38:39.859506+00:00,ImportError,,pip_install,success,test.py,0.000
2026-02-27T04:40:44.309272+00:00,ImportError,,pip_install,success,test.py,0.000
2026-02-27T04:45:01.200495+00:00,ImportError,,pip_install,success,test.py,0.000
2026-02-27T04:46:25.980303+00:00,ImportError,,pip_install,success,test.py,0.000
2026-02-27T04:52:03.337505+00:00,ImportError,,pip_install,success,test.py,0.000
2026-02-27T04:54:07.626870+00:00,ImportError,,pip_install,success,test.py,0.000
2026-02-27T04:58:55.639408+00:00,ImportError,,pip_install,success,test.py,0.000
2026-02-27T05:02:25.859152+00:00,ImportError,,pip_install,success,test.py,0.000
2026-02-27T05:05:18.346355+00:00,ImportError,,pip_install,success,test.py,0.000
2026-02-27T05:09:11.381891+00:00,ImportError,,pip_install,success,test.py,0.000
2026-02-27T05:10:40.318098+00:00,ImportError,,pip_install,success,test.py,0.000
2026-02-27T05:12:27.679259+00:00,ImportError,,pip_install,success,test.py,0.000
2026-02-27T05:17:37.024416+00:00,ImportError,,pip_install,success,test.py,0.000
2026-02-27T05:22:02.067584+00:00,ImportError,,pip_install,success,test.py,0.000
2026-02-27T05:26:21.369810+00:00,ImportError,,pip_install,success,test.py,0.000
2026-02-27T05:28:06.517198+00:00,ImportError,,pip_install,success,test.py,0.000
2026-02-27T05:30:31.001498+00:00,ImportError,,pip_install,success,test.py,0.000
2026-02-27T05:34:40.244082+00:00,ImportError,,pip_install,success,test.py,0.000
2026-02-27T05:37:46.854358+00:00,ImportError,,pip_install,success,test.py,0.000
2026-02-27T05:41:51.588637+00:00,ImportError,,pip_install,success,test.py,0.000
2026-02-27T05:43:19.024822+00:00,ImportError,,pip_install,success,test.py,0.000
2026-02-27T05:48:45.171904+00:00,ImportError,,pip_install,success,test.py,0.000
2026-02-27T05:49:46.386462+00:00,ImportError,,pip_install,success,test.py,0.000
2026-02-27T06:02:41.199415+00:00,ImportError,,pip_install,success,test.py,0.000
2026-02-27T06:03:11.686391+00:00,ImportError,,pip_install,success,test.py,0.000
2026-02-27T06:03:39.236393+00:00,ImportError,,pip_install,success,test.py,0.000
2026-02-27T06:04:09.841902+00:00,ImportError,,pip_install,success,test.py,0.000
2026-02-27T06:04:36.040313+00:00,ImportError,,pip_install,success,test.py,0.000
2026-02-27T06:05:08.287365+00:00,ImportError,,pip_install,success,test.py,0.000
2026-02-27T06:05:28.611953+00:00,ImportError,,pip_install,success,test.py,0.000
2026-02-27T06:05:58.022543+00:00,ImportError,,pip_install,success,test.py,0.000
2026-02-27T06:07:33.927251+00:00,ImportError,,pip_install,success,test.py,0.000
2026-02-27T06:11:43.961341+00:00,ImportError,,pip_install,success,test.py,0.000
2026-02-27T06:12:45.646667+00:00,ImportError,,pip_install,success,test.py,0.000
2026-02-27T06:13:04.505322+00:00,ImportError,,pip_install,success,test.py,0.000
2026-02-27T06:13:29.603391+00:00,ImportError,,pip_install,success,test.py,0.000
2026-02-27T06:13:52.819993+00:00,ImportError,,pip_install,success,test.py,0.000
2026-02-27T06:14:19.044653+00:00,ImportError,,pip_install,success,test.py,0.000
2026-02-27T06:14:46.219011+00:00,ImportError,,pip_install,success,test.py,0.000
2026-02-27T06:15:19.403251+00:00,ImportError,,pip_install,success,test.py,0.000
2026-02-27T06:19:26.889479+00:00,ImportError,,pip_install,success,test.py,0.000
2026-02-27T06:19:51.931700+00:00,ImportError,,pip_install,success,test.py,0.000
2026-02-27T06:20:19.516232+00:00,ImportError,,pip_install,success,test.py,0.000
2026-02-27T06:20:42.669556+00:00,ImportError,,pip_install,success,test.py,0.000
2026-02-27T06:21:00.003353+00:00,ImportError,,pip_install,success,test.py,0.000
2026-02-27T06:21:25.042066+00:00,ImportError,,pip_install,success,test.py,0.000
2026-02-27T06:21:47.379022+00:00,ImportError,,pip_install,success,test.py,0.000
2026-02-27T06:22:05.387030+00:00,ImportError,,pip_install,success,test.py,0.000
2026-02-27T06:24:47.218868+00:00,ImportError,,pip_install,success,test.py,0.000
2026-02-27T06:29:34.643657+00:00,ImportError,,pip_install,success,test.py,0.000
2026-02-27T06:29:57.748666+00:00,ImportError,,pip_install,success,test.py,0.000
2026-02-27T06:30:21.895098+00:00,ImportError,,pip_install,success,test.py,0.000
2026-02-27T06:30:49.948860+00:00,ImportError,,pip_install,success,test.py,0.000
2026-02-27T06:31:14.017781+00:00,ImportError,,pip_install,success,test.py,0.000
2026-02-27T06:32:21.456234+00:00,ImportError,,pip_install,success,test.py,0.000
2026-02-27T06:37:53.675522+00:00,ImportError,,pip_install,success,test.py,0.000
2026-02-27T06:38:55.505959+00:00,ImportError,,pip_install,success,test.py,0.000
2026-02-27T06:39:23.893003+00:00,ImportError,,pip_install,success,test.py,0.000
2026-02-27T06:39:47.666553+00:00,ImportError,,pip_install,success,test.py,0.000
2026-02-27T06:40:12.207141+00:00,ImportError,,pip_install,success,test.py,0.000
2026-02-27T06:40:32.986618+00:00,ImportError,,pip_install,success,test.py,0.000
2026-02-27T06:40:51.801184+00:00,ImportError,,pip_install,success,test.py,0.000
2026-02-27T06:41:09.666161+00:00,ImportError,,pip_install,success,test.py,0.000
2026-02-27T06:41:29.024598+00:00,ImportError,,pip_install,success,test.py,0.000
2026-02-27T06:41:53.136977+00:00,ImportError,,pip_install,success,test.py,0.000
2026-02-27T06:42:19.601556+00:00,ImportError,,pip_install,success,test.py,0.000
2026-02-27T06:42:39.696622+00:00,ImportError,,pip_install,success,test.py,0.000
2026-02-27T06:43:01.259152+00:00,ImportError,,pip_install,success,test.py,0.000
2026-02-27T06:43:29.616922+00:00,ImportError,,pip_install,success,test.py,0.000
2026-02-27T06:43:55.955645+00:00,ImportError,,pip_install,success,test.py,0.000
2026-02-27T06:45:15.191224+00:00,ImportError,,pip_install,success,test.py,0.000
2026-02-27T06:50:15.676860+00:00,ImportError,,pip_install,success,test.py,0.000
2026-02-27T06:51:29.322907+00:00,ImportError,,pip_install,success,test.py,0.000
2026-02-27T06:52:38.264319+00:00,ImportError,,pip_install,success,test.py,0.000
2026-02-27T06:58:11.737456+00:00,ImportError,,pip_install,success,test.py,0.000
2026-02-27T06:59:18.441562+00:00,ImportError,,pip_install,success,test.py,0.000
2026-02-27T07:00:32.396091+00:00,ImportError,,pip_install,success,test.py,0.000
2026-02-27T07:01:10.207497+00:00,ImportError,,pip_install,success,test.py,0.000
2026-02-27T07:01:28.322419+00:00,ImportError,,pip_install,success,test.py,0.000
2026-02-27T07:01:47.181821+00:00,ImportError,,pip_install,success,test.py,0.000
2026-02-27T07:02:06.624561+00:00,ImportError,,pip_install,success,test.py,0.000
2026-02-27T07:02:23.376719+00:00,ImportError,,pip_install,success,test.py,0.000
2026-02-27T07:02:39.252792+00:00,ImportError,,pip_install,success,test.py,0.000
2026-02-27T07:02:55.073153+00:00,ImportError,,pip_install,success,test.py,0.000
2026-02-27T07:03:13.711556+00:00,ImportError,,pip_install,success,test.py,0.000
2026-02-27T07:03:29.319335+00:00,ImportError,,pip_install,success,test.py,0.000
2026-02-27T07:03:46.460009+00:00,ImportError,,pip_install,success,test.py,0.000
2026-02-27T07:04:01.792974+00:00,ImportError,,pip_install,success,test.py,0.000
2026-02-27T07:04:28.783933+00:00,ImportError,,pip_install,success,test.py,0.000
2026-02-27T07:04:54.715274+00:00,ImportError,,pip_install,success,test.py,0.000
2026-02-27T07:06:09.865323+00:00,ImportError,,pip_install,success,test.py,0.000
2026-02-27T07:09:37.296767+00:00,ImportError,,pip_install,success,test.py,0.000
2026-02-27T08:21:12.329820+00:00,ImportError,,pip_install,success,test.py,0.000
2026-02-27T11:13:31.400671+00:00,ImportError,,pip_install,success,test.py,0.000
2026-02-27T11:15:21.707445+00:00,ImportError,,pip_install,success,test.py,0.000
2026-02-27T11:20:57.090374+00:00,ImportError,,pip_install,success,test.py,0.000
2026-02-27T11:29:31.802157+00:00,ImportError,,pip_install,success,test.py,0.000
2026-02-27T13:26:48.151534+00:00,ImportError,,pip_install,success,test.py,0.000
2026-02-27T13:27:28.653531+00:00,ImportError,,pip_install,success,test.py,0.000
2026-02-27T13:28:06.960699+00:00,ImportError,,pip_install,success,test.py,0.000
2026-02-27T13:28:48.015295+00:00,ImportError,,pip_install,success,test.py,0.000
2026-02-27T13:29:26.892797+00:00,ImportError,,pip_install,success,test.py,0.000
2026-02-27T13:30:09.243254+00:00,ImportError,,pip_install,success,test.py,0.000
2026-02-27T13:30:31.924782+00:00,ImportError,,pip_install,success,test.py,0.000
2026-02-27T13:31:26.313026+00:00,ImportError,,pip_install,success,test.py,0.000
2026-02-27T15:15:02.891714+00:00,ImportError,,pip_install,success,test.py,0.000
2026-02-27T15:15:40.874589+00:00,ImportError,,pip_install,success,test.py,0.000
2026-02-27T17:02:36.819643+00:00,ImportError,,pip_install,success,test.py,0.000
2026-02-27T23:14:02.280264+00:00,ImportError,,pip_install,success,test.py,0.000
2026-02-27T23:15:05.158657+00:00,ImportError,,pip_install,success,test.py,0.000
2026-02-28T13:41:35.927015+00:00,ImportError,,pip_install,success,test.py,0.000
2026-02-28T14:39:50.122022+00:00,ImportError,,pip_install,success,test.py,0.000
2026-02-28T18:24:07.856664+00:00,ImportError,,pip_install,success,test.py,0.000
2026-02-28T18:24:43.915895+00:00,ImportError,,pip_install,success,test.py,0.000
2026-02-28T18:25:17.005579+00:00,ImportError,,pip_install,success,test.py,0.000
2026-02-28T18:25:48.925880+00:00,ImportError,,pip_install,success,test.py,0.000
2026-02-28T18:26:22.084031+00:00,ImportError,,pip_install,success,test.py,0.000
2026-02-28T18:26:54.239165+00:00,ImportError,,pip_install,success,test.py,0.000
2026-02-28T18:27:28.125987+00:00,ImportError,,pip_install,success,test.py,0.000
2026-02-28T18:28:00.594387+00:00,ImportError,,pip_install,success,test.py,0.000
2026-02-28T18:29:18.147078+00:00,ImportError,,pip_install,success,test.py,0.000
2026-02-28T18:31:31.240284+00:00,ImportError,,pip_install,success,test.py,0.000
